# Package, Predicate, Package Install Specs...
airvpn-cli,which:eddie-ui,yay:eddie-cli-git
airvpn,which:eddie-ui,yay:eddie-ui-git
alacritty,which:alacritty,pacman:alacritty
avahi,which:avahi-daemon,pacman:avahi
basedpyright,which:basedpyright-langserver,pipx:basedpyright
bash-language-server,which:bash-language-server,yay:bash-language-server
bat,which:bat,pacman:bat,apt:bat
black,which:black,pipx:black
brave,which:brave,yay:brave-bin,choco:brave
buku,which:buku,yay:buku
cabal-install,,pacman:cabal-install
cava,which:cava,yay:cava-git
ccls,which:ccls,pacman:ccls
cheat,which:cheat,yay:cheat-bin
chronic,which:chronic,pacman:moreutils
clangd,which:clangd,pacman:clang
clojure,which:clojure,pacman:clojure
cmake-language-server,which:cmake-language-server,pipx:cmake-language-server
cookiecutter,which:cookiecutter,pipx:cookiecutter
devcontainers-cli,which:devcontainer,yarn:@devcontainers/cli,npm:@devcontainers/cli
direnv,which:direnv,pacman:direnv
docker,which:docker,pacman:docker
docker-compose,which:docker-compose,pacman:docker-compose+docker-buildx
dockerfile-language-server,which:docker-langserver,yarn:dockerfile-language-server-nodejs,npm:dockerfile-language-server-nodejs
docker,which:docker,pacman:docker
dolphin,which:dolphin,pacman:dolphin
dropbox,which:dropbox,choco:dropbox,yay:dropbox
emacs,which:emacs,apt:emacs,choco:emacs,yay:libgccjit+emacs-git
eslint,which:eslint,yarn:eslint,npm:eslint
fava,which:fava,pipx:fava
ffmpeg,which:ffmpeg,pacman:ffmpeg
firefox,which:firefox,choco:firefox,pacman:firefox
flake8,which:flake8,pipx:flake8
fzf,which:fzf,apt:fzf,pacman:fzf
ghc,which:ghc,choco:GHC,pacman:ghc
gimp,which:gimp,pacman:gimp,choco:gimp
git,which:git,apt:git,msys:git,choco:git,yay:git+perl-authen-sasl+perl-io-socket-ssl
godoc,which:godoc,go:golang.org/x/tools/cmd/godoc@latest
golang,which:go,choco:golang,yay:go,gotools
golang,which:golang,choco:ipython,yay:go,gotools
gopls,which:gopls,go:golang.org/x/tools/gopls@latest,pacman:gopls
gotop,which:gotop,yay:gotop-git,go:github.com/xxxserxxx/gotop/v4/cmd/gotop@latest
gradle,which:gradle,pacman:gradle
gst-plugins-good,,pacman:gst-plugins-good
gstreamer,,pacman:gstreamer
haskell-language-server,which:haskell-language-server-wrapper,yay:haskell-language-server
hledger,which:hledger,pacman:hledger-bin
html-tidy,which:tidy,pacman:tidy
imagemagick,which:convert,choco:imagemagick,pacman:imagemagick
imv,which:imv,yay:imv
ipython,which:ipython,pipx:ipython
isync,which:isync,pacman:isync
java,which:javac,pacman:jdk17-openjdk
jdtls,which:jdtls,yay:jdtls
jellyfin-mpv-shim,which:jellyfin-mpv-shim,yay:jellyfin-mpv-shim
jsonlint,which:jsonlint,yarn:jsonlint,npm:jsonlint
kakoune,which:kak,yay:kakoune-git
kitty,which:kitty,pacman:kitty
konsole,which:konsole,pacman:konsole
korganizer,which:korganizer,pacman:korganizer+kdepim-addons
latex,which:latex,yay:texlive-core+texlive-latexextra+texlive-lang+texlive-fontsextra+latex-pgfplots+texlive-science,apt:texlive-latex-base+texlive-latex-core
lazydocker-bin,which:lazydocker,yay:lazydocker-bin,go:github.com/jesseduffield/lazydocker@latest
ledger2beancount,which:ledger2beancount,pacman:ledger2beancount
lf,which:lf,yay:lf-git,choco:lf,go:github.com/gokcehan/lf@latest
libenchant,which:enchant-2,pacman:enchant+aspell+aspell-en,apt:libenchant-2-dev
libinput-gestures,which:libinput-gestures,yay:libinput-gestures
librewolf,which:librewolf,yay:librewolf-bin
lnxlink,which:lnxlink,pipx:lnxlink
lollypop,which:lollypop,pacman:lollypop
lua-language-server,which:lua-language-server,pacman:lua-language-server
luarocks,which:luarocks,yay:luarocks
lua,which:lua,yay:lua
lutris,which:lutris,yay:lutris-git+winetricks-git+samba+lib32-gnutls
markdownlint,which:mdl,gem:mdl
marksman,which:marksman,yay:marksman-bin
maven,which:mvn,pacman:maven
mbake,which:mbake,pipx:mbake
mpv-mpris,stat:/usr/lib/mpv-mpris/mpris.so,yay:mpv-mpris
mpv-shim-default-shaders,stat:/usr/share/mpv-shim-default-shaders/shaders,yay:mpv-shim-default-shaders
mpv,which:mpv,yay:mpv-full
muchsync,which:muchsync,yay:muchsync
mullvadvpn,which:mullvad,yay:mullvad-vpn-bin
neovim,which:nvim,apt:neovim,pacman:neovim
networkmanager,which:nmcli,pacman:networkmanager+network-manager-applet
node,which:node,apt:nodejs,choco:nodejs,pacman:nodejs
nordvpn,which:nordvpn,yay:nordvpn-bin
notify-send,which:notify-send,pipx:notify-send
notmuch,which:notmuch,yay:notmuch
npm,which:npm,apt:npm,pacman:npm
nvtop,which:nvtop,pacman:nvtop
oxlint,which:oxlint,yarn:oxlint,npm:oxlint
pass,which:pass,yay:pass
perl,which:perl,pacman:perl
pipx,which:pipx,apt:python3-pipx,msys:python-pipx,pacman:python-pipx
polybar,which:polybar,yay:polybar
postfix,which:postfix,pacman:postfix
proselint,which:proselint,yay:proselint,pipx:proselint
py-asyncinotify,python-module:asyncinotify,pip:asyncinotify
pycodestyle,which:pycodestyle,pipx:pycodestyle
pydocstyle,which:pydocstyle,pipx:pydocstyle
py-ffpb,python-module:ffpb,pip:ffpb
py-github,python-module:github,pip:pygithub
pylint,which:pylint,pipx:pylint
py-psutil,python-module:psutil,pip:psutil
python3,which:python3,apt:python3+python3-pip,msys:python+python-pip,choco:python,pacman:python3+python-pip
python-lsp-server,which:pylsp,pipx:python-lsp-server[rope] --preinstall pyls-isort --preinstall python-lsp-black --preinstall pyls-isort --preinstall pylsp-mypy --preinstall python-lsp-ruff
qbittorrent-cli,which:qbt,yay:qbittorrent-cli-bin
ranger,which:ranger,pacman:ranger,pipx:ranger
rclone-browser,which:rclone-browser,yay:rclone-browser
rclone-mount-service,stat:/usr/lib/systemd/user/rclone@.service,yay:rclone-mount-service
rclone,which:rclone,pacman:rclone
ripgrep,which:rg,yay:ripgrep,apt:ripgrep
rubocop,which:rubocop,gem:rubocop
ruff,which:ruff,pipx:ruff
rust-analyzer,which:rust-analyzer,yay:rust-analyzer
rust,which:rust,choco:rust,pacman:rust
sbt,which:sbt,yay:sbt
scala-metals,which:metals,yay:metals
scala,which:scala,yay:scala
sddm,which:sddm,pacman:sddm
setxkbmap,which:setxkbmap,yay:xorg-setxkbmap
shellcheck,which:shellcheck,yay:shellcheck-bin,apt:shellcheck
shfmt,which:shfmt,pacman:shfmt
smartmontools,which:smartctl,pacman:smartmontools
solargraph,which:solargraph,gem:solargraph
spectacle,which:spectacle,pacman:spectacle
steam,which:steam,choco:steam,yay:steam+steam-rom-manager-git+lib32-systemd+ttf-liberation+pipewire-alsa
stylelint,which:stylelint,yay:stylelint
thefuck,which:thefuck,pacman:thefuck
tmuxp,which:tmuxp,pipx:tmuxp
tmux,which:tmux,apt:tmux,msys:tmux,yay:tmux-git
tor-browser,,choco:tor-browser,yay:tor-browser
trash-cli,which:trash,yay:trash-cli,brew:trash-cli
tremc,which:tremc,yay:tremc-git
typescript-language-server,which:typescript-language-server,yarn:typescript-language-server,npm:typescript-language-server
vale,which:vale,yay:vale
vim-language-server,which:vim-language-server,yarn:vim-language-server,npm:vim-language-server
vim,which:vim,apt:vim-gtk3,msys:vim,choco:vim,pacman:vim
vlc-plugin-matroska,stat:/usr/lib/vlc/plugins/demux/libmkv_plugin.so,pacman:vlc-plugin-matroska
vlc,which:vlc,choco:vlc,pacman:vlc
vscode-css-languageserver,which:css-languageserver,yarn:vscode-css-languageserver-bin,npm:vscode-css-languageserver-bin
vscode-json-languageserver,which:vscode-json-languageserver,yarn:vscode-json-languageserver,npm:vscode-json-languageserver
vscodium,which:vscodium,yay:vscodium-bin+vscodium-bin-marketplace,choco:vscodium
wget,which:wget,pacman:wget
wine,which:wine,yay:wine+wine-mono+wine-gecko
wireguard,which:wg,yay:wireguard-tools
wl-clipboard,which:wl-clipboard,pacman:wl-clipboard
wmctrl,which:wmctrl,yay:wmctrl
wsltty,which:wsltty,choco:wsltty
wsl,which:wsl,choco:wsl
xbindkeys,which:xbindkeys,yay:xbindkeys
xclip,which:xclip,apt:xclip,yay:xclip
xdotool,which:xdotool,yay:xdotool
xorg,which:xorg,yay:xorg+xorg-xinit
yakuake,which:yakuake,pacman:yakuake
yamllint,which:yamllint,pipx:yamllint
yarn,which:yarn,apt:yarn,pacman:yarn
youtube-dl,which:youtube-dl,pipx:youtube-dl
zathura-cb,stat:/usr/lib/zathura/libcb.so,pacman:zathura-cb
zathura-pdf,stat:/usr/lib/zathura/libpdf-mupdf.so,pacman:zathura-pdf-mupdf
zathura,which:zathura,pacman:zathura
zshell,which:zsh,apt:zsh,pacman:zsh,msys:zsh
